Wall time,Step,Value
1633524327.747973,7,54.78260803222656
1633524335.090936,15,77.39130401611328
1633524342.5342822,23,77.39130401611328
1633524350.8197098,31,77.39130401611328
1633524358.3092399,39,77.39130401611328
1633524365.9957154,47,77.39130401611328
1633524373.7002816,55,77.39130401611328
1633524385.0921335,63,76.52173614501953
1633524392.4026814,71,78.26087188720703
1633524400.2485223,79,80.0
1633524407.6296601,87,80.0
1633524414.9119875,95,80.86956787109375
1633524422.6641533,103,81.73912811279297
1633524427.0092404,111,80.86956787109375
1633524434.2876236,119,81.73912811279297
