Wall time,Step,Value
1633468101.9107077,169,92.05418395996094
1633468152.8771853,339,92.30205535888672
1633468203.6315122,509,92.82417297363281
